,time,id,x,y,z,velocity,angle of motion,facing angle
3,1352853188.7419999,9315400,39848,-22802,1704.9470000000001,903.93,-0.648,-0.732
4,1352853188.7419999,9330400,34830,-17590,1466.868,1302.011,2.7510000000000003,2.748
5,1352853188.7419999,9330600,-9671,7410,1229.642,903.133,2.269,2.25
