,time,id,x,y,z,velocity,angle of motion,facing angle
30,1352853189.051,9315400,39747,-22581,1709.395,226.71099999999998,2.8989999999999996,1.7590000000000001
31,1352853189.051,9330400,34354,-17650,1517.783,1403.7279999999998,3.023,3.017
32,1352853189.051,9330600,-10104,7728,1447.7160000000001,1388.683,2.522,2.553
