,time,id,x,y,z,velocity,angle of motion,facing angle
33,1352853189.085,9315400,39743,-22541,1715.701,289.185,2.457,1.915
34,1352853189.085,9330400,34291,-17664,1501.38,1346.579,3.023,3.0010000000000003
35,1352853189.085,9330600,-10114,7718,1448.0410000000002,1112.047,2.457,2.497
