,time,id,x,y,z,velocity,angle of motion,facing angle
36,1352853189.119,9315400,39702,-22482,1728.6170000000002,427.36800000000005,2.19,2.0269999999999997
37,1352853189.119,9330400,34239,-17667,1483.109,1425.567,3.022,3.01
38,1352853189.119,9330600,-10126,7726,1463.14,1005.832,2.474,2.511
