,time,id,x,y,z,velocity,angle of motion,facing angle
39,1352853189.152,9315400,39669,-22426,1752.736,560.8340000000001,2.095,1.9780000000000002
40,1352853189.152,9330400,34193,-17656,1493.858,1448.267,3.025,3.0060000000000002
41,1352853189.152,9330600,-10178,7773,1492.445,1057.6480000000001,2.45,2.454
