,time,id,x,y,z,velocity,angle of motion,facing angle
42,1352853189.185,9315400,39649,-22389,1754.503,592.784,2.053,2.042
43,1352853189.185,9330400,34158,-17643,1499.391,1434.15,2.909,3.0010000000000003
44,1352853189.185,9330600,-10226,7801,1499.604,1080.7269999999999,2.41,2.4619999999999997
