,time,id,x,y,z,velocity,angle of motion,facing angle
45,1352853189.2189999,9315400,39617,-22351,1755.398,621.436,2.07,2.086
46,1352853189.2189999,9330400,34079,-17636,1493.985,1443.701,2.8560000000000003,2.965
47,1352853189.2189999,9330600,-10257,7820,1335.2,1045.813,2.374,2.4219999999999997
