,time,id,x,y,z,velocity,angle of motion,facing angle
48,1352853189.255,9315400,39594,-22329,1751.672,663.52,2.1319999999999997,2.119
49,1352853189.255,9330400,34001,-17648,1491.125,1440.8670000000002,2.9019999999999997,3.0060000000000002
50,1352853189.255,9330600,-10261,7845,1322.3020000000001,1005.2610000000001,2.326,2.4219999999999997
