,time,id,x,y,z,velocity,angle of motion,facing angle
51,1352853189.288,9315400,39576,-22309,1747.44,697.6030000000001,2.187,2.166
52,1352853189.288,9330400,33968,-17655,1493.527,1367.109,2.9010000000000002,2.977
53,1352853189.288,9330600,-10278,7861,1325.9370000000001,928.831,2.354,2.436
