,time,id,x,y,z,velocity,angle of motion,facing angle
54,1352853189.322,9315400,39557,-22299,1746.2060000000001,754.78,2.207,2.2159999999999997
55,1352853189.322,9330400,33936,-17659,1495.963,1381.9289999999999,2.872,2.9960000000000004
56,1352853189.322,9330600,-10283,7852,1311.766,901.062,2.401,2.512
