,time,id,x,y,z,velocity,angle of motion,facing angle
57,1352853189.356,9315400,39545,-22317,1742.914,690.7769999999999,2.267,2.269
58,1352853189.356,9330400,33900,-17671,1503.2120000000002,1289.524,2.951,3.0260000000000002
59,1352853189.356,9330600,-10321,7868,1308.027,893.488,2.346,2.463
