,time,id,x,y,z,velocity,angle of motion,facing angle
6,1352853188.777,9315400,39822,-22783,1706.243,785.811,-0.9620000000000001,-0.89
7,1352853188.777,9330400,34778,-17591,1465.307,1328.155,2.7969999999999997,2.803
8,1352853188.777,9330600,-9704,7449,1331.489,949.0089999999999,2.302,2.309
