,time,id,x,y,z,velocity,angle of motion,facing angle
60,1352853189.394,9315400,39524,-22314,1737.674,654.627,2.4090000000000003,2.41
61,1352853189.394,9330400,33872,-17685,1507.2060000000001,1205.5739999999998,2.992,3.09
62,1352853189.394,9330600,-10357,7886,1306.855,896.091,2.327,2.417
