,time,id,x,y,z,velocity,angle of motion,facing angle
66,1352853189.464,9315400,39454,-22354,1724.349,627.245,2.717,2.75
67,1352853189.464,9330400,33805,-17646,1496.6,1228.078,2.908,2.9130000000000003
68,1352853189.464,9330600,-10418,7940,1333.175,913.2560000000001,2.309,2.343
