,time,id,x,y,z,velocity,angle of motion,facing angle
69,1352853189.4989998,9315400,39404,-22353,1720.654,713.5269999999999,2.673,2.7739999999999996
70,1352853189.4989998,9330400,33737,-17643,1490.6,1284.661,2.862,2.915
71,1352853189.4989998,9330600,-10450,7980,1435.4679999999998,997.76,2.3169999999999997,2.2969999999999997
