,time,id,x,y,z,velocity,angle of motion,facing angle
72,1352853189.536,9315400,39377,-22342,1717.7820000000002,747.7689999999999,2.594,2.714
73,1352853189.536,9330400,33700,-17652,1475.8310000000001,1250.468,2.87,2.891
74,1352853189.536,9330600,-10474,8014,1478.37,971.3919999999999,2.273,2.2569999999999997
