,time,id,x,y,z,velocity,angle of motion,facing angle
75,1352853189.57,9315400,39337,-22297,1765.4820000000002,812.187,2.6319999999999997,2.65
76,1352853189.57,9330400,33654,-17628,1459.645,1306.306,2.8989999999999996,2.8489999999999998
77,1352853189.57,9330600,-10511,8038,1459.119,965.34,2.279,2.2840000000000003
