,time,id,x,y,z,velocity,angle of motion,facing angle
78,1352853189.603,9315400,39299,-22247,1785.412,874.738,2.605,2.6180000000000003
79,1352853189.603,9330400,33612,-17611,1437.513,1273.437,2.8160000000000003,2.83
80,1352853189.603,9330600,-10561,8075,1462.494,1001.355,2.246,2.296
