,time,id,x,y,z,velocity,angle of motion,facing angle
81,1352853189.638,9315400,39301,-22268,1780.9170000000001,825.74,2.655,2.647
82,1352853189.638,9330400,33526,-17617,1415.901,1425.875,2.951,2.907
83,1352853189.638,9330600,-10584,8097,1462.271,983.919,2.2969999999999997,2.286
