,time,id,x,y,z,velocity,angle of motion,facing angle
84,1352853189.672,9315400,39277,-22312,1774.12,811.8330000000001,2.792,2.782
85,1352853189.672,9330400,33472,-17627,1395.5410000000002,1434.579,3.0189999999999997,2.943
86,1352853189.672,9330600,-10621,8118,1385.5439999999999,1069.2730000000001,2.29,2.342
