,time,id,x,y,z,velocity,angle of motion,facing angle
9,1352853188.813,9315400,39815,-22788,1706.475,786.133,-0.9740000000000001,-0.961
10,1352853188.813,9330400,34735,-17600,1510.503,1331.884,2.8169999999999997,2.782
11,1352853188.813,9330600,-9727,7479,1356.019,906.5880000000001,2.287,2.278
