,time,id,x,y,z,velocity,angle of motion,facing angle
90,1352853189.7410002,9315400,39235,-22258,1770.139,801.012,2.659,2.69
91,1352853189.7410002,9330400,33327,-17659,1388.838,1435.168,3.1189999999999998,3.093
92,1352853189.7410002,9330600,-10686,8172,1371.69,1015.368,2.287,2.309
