,time,id,x,y,z,velocity,angle of motion,facing angle
93,1352853189.775,9315400,39211,-22245,1765.625,855.4169999999999,2.678,2.6719999999999997
94,1352853189.775,9330400,33274,-17657,1382.279,1454.7220000000002,3.1210000000000004,3.092
95,1352853189.775,9330600,-10737,8204,1353.845,1046.758,2.353,2.369
