,time,id,x,y,z,velocity,angle of motion,facing angle
96,1352853189.809,9315400,39213,-22238,1760.328,894.355,2.615,2.5789999999999997
97,1352853189.809,9330400,33221,-17686,1405.5220000000002,1415.0220000000002,-3.0869999999999997,-3.105
98,1352853189.809,9330600,-10778,8230,1350.2520000000002,1105.19,2.3409999999999997,2.364
