,time,id,x,y,z,velocity,angle of motion,facing angle
99,1352853189.846,9315400,39185,-22210,1759.388,967.171,2.545,2.56
100,1352853189.846,9330400,33162,-17729,1422.0839999999998,1429.106,-3.016,-2.992
101,1352853189.846,9330600,-10825,8266,1393.398,1125.6889999999999,2.373,2.38
