,time,id,x,y,z,velocity,angle of motion,facing angle
102,1352853189.882,9315400,39173,-22193,1757.5510000000002,954.1,2.488,2.495
103,1352853189.882,9330400,33111,-17756,1445.154,1434.965,-2.9730000000000003,-2.9789999999999996
104,1352853189.882,9330600,-10857,8292,1295.333,1078.553,2.3480000000000003,2.399
