,time,id,x,y,z,velocity,angle of motion,facing angle
105,1352853189.92,9315400,39155,-22180,1754.1529999999998,1027.109,2.503,2.523
106,1352853189.92,9330400,33053,-17788,1460.2060000000001,1357.632,-2.92,-2.989
107,1352853189.92,9330600,-10887,8335,1314.599,1135.012,2.369,2.41
