,time,id,x,y,z,velocity,angle of motion,facing angle
108,1352853189.953,9315400,39144,-22181,1751.1270000000002,982.122,2.51,2.522
109,1352853189.953,9330400,32996,-17790,1479.757,1414.442,-2.9589999999999996,-3.033
110,1352853189.953,9330600,-10911,8348,1314.99,1179.268,2.49,2.472
