,time,id,x,y,z,velocity,angle of motion,facing angle
114,1352853190.023,9315400,39124,-22134,1766.9389999999999,994.0189999999999,2.405,2.491
115,1352853190.023,9330400,32875,-17762,1488.891,1454.75,3.0839999999999996,3.072
116,1352853190.023,9330600,-10991,8429,1439.855,1132.961,2.467,2.479
