,time,id,x,y,z,velocity,angle of motion,facing angle
117,1352853190.059,9315400,39095,-22101,1766.6770000000001,1006.143,2.397,2.495
118,1352853190.059,9330400,32816,-17749,1486.865,1489.6870000000001,3.02,3.05
119,1352853190.059,9330600,-11022,8451,1433.457,1161.472,2.4930000000000003,2.509
