,time,id,x,y,z,velocity,angle of motion,facing angle
120,1352853190.093,9315400,39081,-22073,1766.4979999999998,1075.934,2.438,2.532
121,1352853190.093,9330400,32764,-17735,1482.4129999999998,1491.4489999999998,3.074,3.036
122,1352853190.093,9330600,-11058,8477,1450.2320000000002,1124.627,2.4819999999999998,2.528
