,time,id,x,y,z,velocity,angle of motion,facing angle
123,1352853190.129,9315400,39048,-22053,1766.4820000000002,1065.003,2.423,2.545
124,1352853190.129,9330400,32727,-17737,1477.297,1433.642,-3.125,3.111
125,1352853190.129,9330600,-11091,8506,1450.36,1143.865,2.418,2.5140000000000002
