,time,id,x,y,z,velocity,angle of motion,facing angle
126,1352853190.165,9315400,39020,-22028,1766.4820000000002,1033.195,2.399,2.571
127,1352853190.165,9330400,32667,-17754,1481.3729999999998,1354.275,-3.042,3.136
128,1352853190.165,9330600,-11126,8542,1435.735,1136.921,2.412,2.4419999999999997
