,time,id,x,y,z,velocity,angle of motion,facing angle
129,1352853190.199,9315400,39001,-22015,1766.0539999999999,1007.7260000000001,2.479,2.5869999999999997
130,1352853190.199,9330400,32621,-17758,1480.933,1346.5629999999999,-3.0410000000000004,-3.111
131,1352853190.199,9330600,-11174,8603,1429.757,1243.558,2.3040000000000003,2.367
