,time,id,x,y,z,velocity,angle of motion,facing angle
132,1352853190.234,9315400,38989,-21998,1765.721,961.345,2.513,2.609
133,1352853190.234,9330400,32572,-17757,1479.355,1339.601,-3.115,3.1060000000000003
134,1352853190.234,9330600,-11211,8625,1428.5510000000002,1225.93,2.354,2.372
