,time,id,x,y,z,velocity,angle of motion,facing angle
135,1352853190.2680001,9315400,38979,-21987,1765.4229999999998,917.857,2.575,2.5869999999999997
136,1352853190.2680001,9330400,32515,-17756,1475.41,1336.095,-3.1189999999999998,-3.139
137,1352853190.2680001,9330600,-11250,8637,1451.025,1173.6589999999999,2.392,2.397
