,time,id,x,y,z,velocity,angle of motion,facing angle
138,1352853190.301,9315400,38958,-21982,1765.389,921.684,2.555,2.576
139,1352853190.301,9330400,32460,-17754,1474.9579999999999,1302.188,3.095,3.117
140,1352853190.301,9330600,-11284,8666,1346.1589999999999,1226.6580000000001,2.37,2.392
