,time,id,x,y,z,velocity,angle of motion,facing angle
141,1352853190.3339999,9315400,38951,-21979,1765.359,910.279,2.596,2.583
142,1352853190.3339999,9330400,32409,-17733,1472.106,1319.021,3.0260000000000002,3.0669999999999997
143,1352853190.3339999,9330600,-11303,8688,1308.328,1205.579,2.316,2.3569999999999998
