,time,id,x,y,z,velocity,angle of motion,facing angle
144,1352853190.37,9315400,38911,-21934,1830.7920000000001,894.393,2.577,2.593
145,1352853190.37,9330400,32358,-17715,1470.871,1304.493,3.009,3.016
146,1352853190.37,9330600,-11337,8727,1336.5739999999998,1216.163,2.315,2.343
