,time,id,x,y,z,velocity,angle of motion,facing angle
147,1352853190.405,9315400,38890,-21893,1872.3139999999999,931.154,2.5180000000000002,2.628
148,1352853190.405,9330400,32307,-17719,1469.969,1252.56,3.071,3.0410000000000004
149,1352853190.405,9330600,-11353,8761,1349.6660000000002,1294.7060000000001,2.283,2.326
