,time,id,x,y,z,velocity,angle of motion,facing angle
15,1352853188.882,9315400,39793,-22710,1706.078,532.8430000000001,-0.652,-0.861
16,1352853188.882,9330400,34649,-17596,1525.839,1307.894,2.819,2.824
17,1352853188.882,9330600,-9809,7560,1401.905,1137.4080000000001,2.379,2.377
