,time,id,x,y,z,velocity,angle of motion,facing angle
150,1352853190.442,9315400,38867,-21886,1863.364,894.574,2.5269999999999997,2.585
151,1352853190.442,9330400,32283,-17714,1471.4289999999999,1212.236,3.082,3.037
152,1352853190.442,9330600,-11400,8807,1385.6070000000002,1252.747,2.3,2.332
