,time,id,x,y,z,velocity,angle of motion,facing angle
153,1352853190.478,9315400,38854,-21873,1854.05,887.9069999999999,2.529,2.6069999999999998
154,1352853190.478,9330400,32212,-17760,1475.721,1328.234,-3.082,3.108
155,1352853190.478,9330600,-11429,8849,1364.9589999999998,1302.6989999999998,2.345,2.338
