,time,id,x,y,z,velocity,angle of motion,facing angle
156,1352853190.513,9315400,38835,-21854,1851.354,833.262,2.5540000000000003,2.588
157,1352853190.513,9330400,32158,-17792,1476.29,1472.9879999999998,3.1010000000000004,2.9989999999999997
158,1352853190.513,9330600,-11466,8904,1347.432,1353.9270000000001,2.36,2.281
