,time,id,x,y,z,velocity,angle of motion,facing angle
159,1352853190.547,9315400,38825,-21832,1848.611,783.4810000000001,2.4859999999999998,2.5610000000000004
160,1352853190.547,9330400,32105,-17788,1474.89,1513.2,2.97,2.945
161,1352853190.547,9330600,-11502,8948,1343.9579999999999,1390.5729999999999,2.355,2.254
