,time,id,x,y,z,velocity,angle of motion,facing angle
162,1352853190.58,9315400,38810,-21799,1847.382,802.29,2.444,2.509
163,1352853190.58,9330400,32041,-17782,1475.174,1648.4289999999999,2.8739999999999997,2.87
164,1352853190.58,9330600,-11523,9008,1356.854,1453.1789999999999,2.338,2.2680000000000002
