,time,id,x,y,z,velocity,angle of motion,facing angle
165,1352853190.6139998,9315400,38797,-21781,1845.3120000000001,837.289,2.499,2.553
166,1352853190.6139998,9330400,31937,-17776,1476.033,1779.8339999999998,2.8789999999999996,2.884
167,1352853190.6139998,9330600,-11565,9054,1357.35,1501.789,2.329,2.21
