,time,id,x,y,z,velocity,angle of motion,facing angle
168,1352853190.649,9315400,38785,-21751,1838.297,947.4910000000001,2.504,2.509
169,1352853190.649,9330400,31876,-17771,1476.8139999999999,1797.639,2.861,2.935
170,1352853190.649,9330600,-11583,9078,1357.5529999999999,1387.6860000000001,2.286,2.234
