,time,id,x,y,z,velocity,angle of motion,facing angle
171,1352853190.683,9315400,38771,-21727,1831.6979999999999,943.7869999999999,2.522,2.4930000000000003
172,1352853190.683,9330400,31828,-17793,1479.4389999999999,1869.3039999999999,2.968,3.053
173,1352853190.683,9330600,-11622,9122,1468.632,1421.335,2.316,2.25
