,time,id,x,y,z,velocity,angle of motion,facing angle
177,1352853190.7510002,9315400,38720,-21692,1819.6760000000002,924.7769999999999,2.435,2.436
178,1352853190.7510002,9330400,31673,-17771,1481.394,1959.307,2.9730000000000003,2.992
179,1352853190.7510002,9330600,-11673,9164,1494.973,1190.9489999999998,2.265,2.298
