,time,id,x,y,z,velocity,angle of motion,facing angle
18,1352853188.915,9315400,39802,-22716,1705.1870000000001,526.286,-0.701,-0.8390000000000001
19,1352853188.915,9330400,34583,-17598,1525.2279999999998,1345.215,2.8689999999999998,2.863
20,1352853188.915,9330600,-9853,7596,1403.31,1199.536,2.45,2.423
