,time,id,x,y,z,velocity,angle of motion,facing angle
180,1352853190.785,9315400,38697,-21651,1815.376,931.648,2.428,2.435
181,1352853190.785,9330400,31585,-17801,1482.0720000000001,1973.808,3.0380000000000003,3.022
182,1352853190.785,9330600,-11702,9200,1462.309,1155.796,2.318,2.311
