,time,id,x,y,z,velocity,angle of motion,facing angle
183,1352853190.824,9315400,38661,-21615,1812.454,1030.9080000000001,2.4130000000000003,2.386
184,1352853190.824,9330400,31508,-17650,1481.375,2083.598,2.583,2.793
185,1352853190.824,9330600,-11708,9240,1335.016,1077.026,2.224,2.24
