,time,id,x,y,z,velocity,angle of motion,facing angle
189,1352853190.894,9315400,38621,-21549,1805.533,1129.598,2.311,2.28
190,1352853190.894,9330400,31474,-17521,1481.412,1826.533,2.6210000000000004,2.733
191,1352853190.894,9330600,-11729,9292,1261.941,931.7189999999999,2.2119999999999997,2.25
