,time,id,x,y,z,velocity,angle of motion,facing angle
192,1352853190.928,9315400,38617,-21528,1802.0720000000001,1095.17,2.249,2.227
193,1352853190.928,9330400,31486,-17489,1479.9520000000002,1486.3770000000002,2.576,2.6860000000000004
194,1352853190.928,9330600,-11764,9321,1268.251,967.158,2.294,2.278
