,time,id,x,y,z,velocity,angle of motion,facing angle
195,1352853190.964,9315400,38598,-21491,1834.388,1060.81,2.1919999999999997,2.199
196,1352853190.964,9330400,31416,-17451,1468.2060000000001,1661.079,2.648,2.67
197,1352853190.964,9330600,-11801,9353,1268.94,1014.398,2.303,2.294
