,time,id,x,y,z,velocity,angle of motion,facing angle
201,1352853191.034,9315400,38584,-21449,1854.279,996.5360000000001,2.15,2.195
202,1352853191.034,9330400,31333,-17408,1437.8010000000002,1498.271,2.6489999999999996,2.7060000000000004
203,1352853191.034,9330600,-11887,9424,1405.37,1075.14,2.372,2.4
