,time,id,x,y,z,velocity,angle of motion,facing angle
204,1352853191.068,9315400,38583,-21448,1857.013,988.7689999999999,2.14,2.19
205,1352853191.068,9330400,31278,-17375,1420.707,1579.9029999999998,2.6630000000000003,2.681
206,1352853191.068,9330600,-11918,9462,1416.175,1089.25,2.366,2.358
