,time,id,x,y,z,velocity,angle of motion,facing angle
207,1352853191.105,9315400,38545,-21415,1853.9389999999999,1055.557,2.146,2.1830000000000003
208,1352853191.105,9330400,31180,-17321,1403.205,1731.747,2.6310000000000002,2.615
209,1352853191.105,9330600,-11949,9506,1455.342,1067.854,2.338,2.373
