,time,id,x,y,z,velocity,angle of motion,facing angle
21,1352853188.95,9315400,39805,-22714,1704.3039999999999,522.09,-0.672,-0.79
22,1352853188.95,9330400,34526,-17606,1538.88,1334.973,2.9130000000000003,2.883
23,1352853188.95,9330600,-9890,7622,1411.601,1201.488,2.366,2.452
