,time,id,x,y,z,velocity,angle of motion,facing angle
210,1352853191.138,9315400,38516,-21388,1850.884,1060.9260000000002,2.25,2.181
211,1352853191.138,9330400,31128,-17295,1386.806,1756.004,2.59,2.627
212,1352853191.138,9330600,-11972,9534,1459.1779999999999,1014.77,2.323,2.378
