,time,id,x,y,z,velocity,angle of motion,facing angle
213,1352853191.173,9315400,38482,-21365,1843.898,1093.0639999999999,2.252,2.195
214,1352853191.173,9330400,31079,-17275,1371.151,1704.5379999999998,2.6,2.659
215,1352853191.173,9330600,-11993,9561,1466.5739999999998,1014.738,2.362,2.3609999999999998
