,time,id,x,y,z,velocity,angle of motion,facing angle
216,1352853191.208,9315400,38473,-21347,1837.256,1083.288,2.319,2.2159999999999997
217,1352853191.208,9330400,31035,-17245,1356.1970000000001,1719.175,2.53,2.589
218,1352853191.208,9330600,-12013,9588,1423.9820000000002,1020.7360000000001,2.351,2.343
