,time,id,x,y,z,velocity,angle of motion,facing angle
219,1352853191.243,9315400,38449,-21316,1834.61,1184.353,2.298,2.2030000000000003
220,1352853191.243,9330400,30967,-17211,1344.94,1793.145,2.5660000000000003,2.6060000000000003
221,1352853191.243,9330600,-12030,9619,1281.471,1002.846,2.38,2.302
