,time,id,x,y,z,velocity,angle of motion,facing angle
222,1352853191.276,9315400,38448,-21316,1832.3010000000002,1207.202,2.276,2.2319999999999998
223,1352853191.276,9330400,30872,-17199,1363.379,1840.401,2.645,2.653
224,1352853191.276,9330600,-12038,9627,1263.836,1030.431,2.342,2.267
