,time,id,x,y,z,velocity,angle of motion,facing angle
225,1352853191.309,9315400,38418,-21296,1829.0839999999998,1216.5339999999999,2.248,2.229
226,1352853191.309,9330400,30793,-17185,1376.45,1892.5320000000002,2.655,2.682
227,1352853191.309,9330600,-12072,9652,1173.078,1145.286,2.296,2.263
