,time,id,x,y,z,velocity,angle of motion,facing angle
228,1352853191.342,9315400,38393,-21279,1825.874,1223.525,2.263,2.237
229,1352853191.342,9330400,30716,-17168,1381.3410000000001,2007.0220000000002,2.6239999999999997,2.617
230,1352853191.342,9330600,-12090,9680,1268.289,1181.022,2.299,2.2230000000000003
