,time,id,x,y,z,velocity,angle of motion,facing angle
231,1352853191.378,9315400,38207,-21221,1824.104,1357.851,2.6,2.41
232,1352853191.378,9330400,30703,-17142,1373.2479999999998,1908.3729999999998,2.544,2.557
233,1352853191.378,9330600,-12128,9699,1299.887,1252.604,2.3,2.218
