,time,id,x,y,z,velocity,angle of motion,facing angle
234,1352853191.411,9315400,38175,-21192,1824.0539999999999,1333.165,2.5580000000000003,2.431
235,1352853191.411,9330400,30710,-17139,1362.014,1698.192,2.5069999999999997,2.553
236,1352853191.411,9330600,-12192,9737,1452.0320000000002,1399.2779999999998,2.359,2.2680000000000002
