,time,id,x,y,z,velocity,angle of motion,facing angle
237,1352853191.445,9315400,38174,-21187,1818.9560000000001,1275.905,2.488,2.4419999999999997
238,1352853191.445,9330400,30678,-17121,1349.642,1627.924,2.5540000000000003,2.537
239,1352853191.445,9330600,-12228,9752,1511.055,1288.083,2.332,2.306
