,time,id,x,y,z,velocity,angle of motion,facing angle
24,1352853188.983,9315400,39798,-22693,1703.987,447.795,-0.7490000000000001,-0.774
25,1352853188.983,9330400,34479,-17615,1546.6989999999998,1338.2089999999998,2.908,2.925
26,1352853188.983,9330600,-9990,7673,1410.114,1406.851,2.405,2.542
