,time,id,x,y,z,velocity,angle of motion,facing angle
243,1352853191.515,9315400,38182,-21168,1810.5520000000001,1430.6529999999998,2.335,2.347
244,1352853191.515,9330400,30552,-17086,1332.8410000000001,1781.096,2.7260000000000004,2.612
245,1352853191.515,9330600,-12323,9823,1558.489,1384.276,2.289,2.319
