,time,id,x,y,z,velocity,angle of motion,facing angle
246,1352853191.552,9315400,38162,-21137,1809.378,1473.8370000000002,2.342,2.363
247,1352853191.552,9330400,30498,-17078,1326.967,1706.376,2.7289999999999996,2.6289999999999996
248,1352853191.552,9330600,-12356,9871,1564.5739999999998,1366.9620000000002,2.245,2.294
