,time,id,x,y,z,velocity,angle of motion,facing angle
249,1352853191.587,9315400,38139,-21110,1806.503,1394.0829999999999,2.316,2.374
250,1352853191.587,9330400,30462,-17094,1321.37,1551.691,2.79,2.765
251,1352853191.587,9330600,-12380,9925,1516.273,1369.49,2.2359999999999998,2.279
