,time,id,x,y,z,velocity,angle of motion,facing angle
252,1352853191.62,9315400,38114,-21075,1803.902,1470.184,2.367,2.375
253,1352853191.62,9330400,30391,-17050,1324.398,1720.85,2.727,2.6889999999999996
254,1352853191.62,9330600,-12405,9987,1509.1629999999998,1458.745,2.1630000000000003,2.202
