,time,id,x,y,z,velocity,angle of motion,facing angle
255,1352853191.6560001,9315400,38078,-21053,1803.1570000000002,1486.691,2.376,2.415
256,1352853191.6560001,9330400,30327,-17020,1324.9089999999999,1761.769,2.609,2.615
257,1352853191.6560001,9330600,-12426,10037,1507.4360000000001,1457.8120000000001,2.184,2.188
