,time,id,x,y,z,velocity,angle of motion,facing angle
258,1352853191.69,9315400,38034,-21007,1828.433,1475.0439999999999,2.411,2.428
259,1352853191.69,9330400,30273,-17006,1340.644,1729.736,2.5469999999999997,2.613
260,1352853191.69,9330600,-12453,10086,1399.6979999999999,1434.9229999999998,2.175,2.187
