,time,id,x,y,z,velocity,angle of motion,facing angle
264,1352853191.7610002,9315400,38001,-20970,1837.174,1362.445,2.468,2.459
265,1352853191.7610002,9330400,30189,-16991,1345.352,1545.5810000000001,2.7060000000000004,2.7230000000000003
266,1352853191.7610002,9330600,-12510,10151,1386.2720000000002,1356.779,2.244,2.173
