,time,id,x,y,z,velocity,angle of motion,facing angle
267,1352853191.794,9315400,37994,-20957,1833.531,1328.07,2.41,2.439
268,1352853191.794,9330400,30143,-16968,1345.352,1483.753,2.7739999999999996,2.7710000000000004
269,1352853191.794,9330600,-12528,10167,1385.68,1233.58,2.2359999999999998,2.173
