,time,id,x,y,z,velocity,angle of motion,facing angle
27,1352853189.017,9315400,39790,-22695,1704.118,439.755,-0.7559999999999999,-0.794
28,1352853189.017,9330400,34407,-17644,1533.305,1425.251,2.972,2.985
29,1352853189.017,9330600,-10054,7701,1448.745,1409.0739999999998,2.477,2.568
