,time,id,x,y,z,velocity,angle of motion,facing angle
270,1352853191.829,9315400,37984,-20927,1830.2089999999998,1376.671,2.401,2.396
271,1352853191.829,9330400,30041,-16968,1432.279,1693.03,2.838,2.7910000000000004
272,1352853191.829,9330600,-12551,10194,1508.549,1221.396,2.218,2.133
