,time,id,x,y,z,velocity,angle of motion,facing angle
273,1352853191.865,9315400,37961,-20888,1827.135,1362.471,2.323,2.3409999999999997
274,1352853191.865,9330400,29966,-16957,1487.506,1783.765,2.7710000000000004,2.6860000000000004
275,1352853191.865,9330600,-12576,10225,1522.425,1212.495,2.1319999999999997,2.136
