,time,id,x,y,z,velocity,angle of motion,facing angle
276,1352853191.899,9315400,37929,-20858,1822.9160000000002,1378.8110000000001,2.305,2.3080000000000003
277,1352853191.899,9330400,29914,-16979,1487.6429999999998,1648.4489999999998,2.818,2.765
278,1352853191.899,9330600,-12610,10277,1567.604,1328.5870000000002,2.14,2.1719999999999997
