,time,id,x,y,z,velocity,angle of motion,facing angle
279,1352853191.933,9315400,37894,-20853,1818.494,1292.877,2.2880000000000003,2.301
280,1352853191.933,9330400,29883,-16994,1486.4270000000001,1541.078,2.927,2.885
281,1352853191.933,9330600,-12646,10329,1573.656,1402.1760000000002,2.1590000000000003,2.1959999999999997
