,time,id,x,y,z,velocity,angle of motion,facing angle
282,1352853191.966,9315400,37870,-20826,1829.0710000000001,1217.677,2.287,2.3
283,1352853191.966,9330400,29812,-16984,1500.003,1532.9,2.903,2.8819999999999997
284,1352853191.966,9330600,-12675,10375,1574.4189999999999,1367.432,2.162,2.144
