,time,id,x,y,z,velocity,angle of motion,facing angle
285,1352853191.9989998,9315400,37857,-20805,1830.2079999999999,1169.3210000000001,2.208,2.26
286,1352853191.9989998,9330400,29759,-16972,1508.745,1530.504,2.884,2.943
287,1352853191.9989998,9330600,-12706,10409,1574.74,1376.4820000000002,2.142,2.1390000000000002
