,time,id,x,y,z,velocity,angle of motion,facing angle
288,1352853192.033,9315400,37838,-20790,1828.346,1056.902,2.2430000000000003,2.295
289,1352853192.033,9330400,29683,-16928,1575.066,1536.891,2.7689999999999997,2.778
290,1352853192.033,9330600,-12727,10433,1496.9289999999999,1263.302,2.096,2.137
