,time,id,x,y,z,velocity,angle of motion,facing angle
291,1352853192.067,9315400,37827,-20767,1826.556,1004.915,2.2359999999999998,2.3169999999999997
292,1352853192.067,9330400,29621,-16914,1598.941,1658.9879999999998,2.7460000000000004,2.7689999999999997
293,1352853192.067,9330600,-12731,10466,1489.307,1210.4180000000001,2.088,2.095
