,time,id,x,y,z,velocity,angle of motion,facing angle
297,1352853192.137,9315400,37791,-20726,1813.5439999999999,1001.345,2.24,2.265
298,1352853192.137,9330400,29541,-16885,1612.231,1599.115,2.778,2.778
299,1352853192.137,9330600,-12781,10530,1489.793,1084.948,2.1790000000000003,2.184
